threshold,precision,recall
0.00840166339752882,0.1336322869955157,1.0
0.009947834695966835,0.13375224416517056,1.0
0.013052283088790929,0.1341134113411341,1.0
0.014082614513524605,0.13423423423423422,1.0
0.014202929939149914,0.13435527502254282,1.0
0.014887236429498537,0.13447653429602888,1.0
0.014923423038347374,0.13459801264679314,1.0
0.015048234254740134,0.13471971066907776,1.0
0.01610966484014296,0.134841628959276,1.0
0.016459310206642423,0.13520871143375682,1.0
0.016667790182057884,0.13533151680290645,1.0
0.016826630428951602,0.13545454545454547,1.0
0.01706583660428088,0.13557779799818018,1.0
0.017578323677159103,0.13570127504553733,1.0
0.017986459932386976,0.1358249772105743,1.0
0.01799529534406038,0.13594890510948904,1.0
0.018176461720462687,0.13607305936073058,1.0
0.018234889443120045,0.13619744058500913,1.0
0.01889410132935498,0.13632204940530648,1.0
0.01895122870411177,0.13644688644688643,1.0
0.01909212417022683,0.13657195233730524,1.0
0.02018141698554205,0.13669724770642203,1.0
0.02059429529811278,0.13682277318640956,1.0
0.02070974514171412,0.13694852941176472,1.0
0.020944270572401624,0.13707451701931922,1.0
0.021052127860800365,0.13720073664825047,1.0
0.02162539531323585,0.13732718894009216,1.0
0.021855022637795245,0.13745387453874539,1.0
0.02222337531934003,0.13758079409048937,1.0
0.022392120682918067,0.1377079482439926,1.0
0.023453646593020145,0.13783533765032377,1.0
0.02349879320109564,0.13796296296296295,1.0
0.02384265069727535,0.1380908248378128,1.0
0.023877923104132132,0.13821892393320964,1.0
0.02419628459452876,0.13834726090993502,1.0
0.024417772698878428,0.13847583643122677,1.0
0.024776228832348722,0.1386046511627907,1.0
0.025369497341562193,0.1387337057728119,1.0
0.025451546449337868,0.13886300093196646,1.0
0.025646049342802454,0.13899253731343283,1.0
0.02576551415398315,0.13912231559290383,1.0
0.025999590682767096,0.13925233644859814,1.0
0.02608821050834386,0.13938260056127222,1.0
0.026320254783723886,0.13951310861423222,1.0
0.026365201019968816,0.13964386129334583,1.0
0.026631506476483827,0.1397748592870544,1.0
0.026841976134228816,0.13990610328638498,1.0
0.026845021111196656,0.1400375939849624,1.0
0.026891579197420277,0.14016933207902163,1.0
0.02691217882076848,0.14030131826741996,1.0
0.02693433216140082,0.14043355325164938,1.0
0.026985645515355768,0.14056603773584905,1.0
0.027002635270047905,0.14069877242681775,1.0
0.027268013461541268,0.14083175803402648,1.0
0.027351023319105244,0.14096499526963102,1.0
0.02766792991558259,0.14109848484848486,1.0
0.02780639097364509,0.14123222748815165,1.0
0.027837546540917635,0.1413662239089184,1.0
0.02786479378819863,0.14150047483380818,1.0
0.0279337758512599,0.14163498098859315,1.0
0.028078750838215212,0.14176974310180782,1.0
0.02822497736790013,0.1419047619047619,1.0
0.028593398176768148,0.14204003813155386,1.0
0.0287453076639706,0.14217557251908397,1.0
0.028752454236697086,0.14231136580706782,1.0
0.028770773654032578,0.14244741873804972,1.0
0.028771149708245652,0.14258373205741626,1.0
0.0288887379080272,0.14272030651340997,1.0
0.028904030966150088,0.14285714285714285,1.0
0.02922014289793567,0.14299424184261036,1.0
0.029264306894535744,0.1431316042267051,1.0
0.02929844944006521,0.14326923076923076,1.0
0.02933033049530511,0.14340712223291627,1.0
0.029348227117983603,0.14354527938342967,1.0
0.02945376426718341,0.14368370298939248,1.0
0.02947255283490541,0.1438223938223938,1.0
0.02958750148679608,0.14396135265700483,1.0
0.029593669833335758,0.14410058027079303,1.0
0.029676150671986076,0.1442400774443369,1.0
0.02968985359253217,0.14437984496124032,1.0
0.029696781418570732,0.14451988360814744,1.0
0.029711002778698696,0.14466019417475728,1.0
0.029911091224506477,0.14480077745383868,1.0
0.02992330152839524,0.14494163424124515,1.0
0.030148072735595707,0.1450827653359299,1.0
0.030149472121072832,0.145224171539961,1.0
0.03036752806839701,0.14536585365853658,1.0
0.03040426234961387,0.1455078125,1.0
0.03097926767985754,0.14565004887585534,1.0
0.031131147637698302,0.14579256360078277,1.0
0.0313146275945492,0.14593535749265427,1.0
0.03137915876997143,0.14607843137254903,1.0
0.03167682927830958,0.14622178606476938,1.0
0.03167745885502509,0.14636542239685657,1.0
0.03170106744697016,0.14650934119960668,1.0
0.03177229072861112,0.1466535433070866,1.0
0.03184387966211753,0.14679802955665025,1.0
0.031917656654910656,0.14694280078895464,1.0
0.03196850169187244,0.14708785784797632,1.0
0.032030694798638154,0.14723320158102768,1.0
0.03211718483841642,0.14781746031746032,1.0
0.032482838799140684,0.14796425024826215,1.0
0.032730736561609165,0.1481113320079523,1.0
0.032918339209323015,0.1482587064676617,1.0
0.03317119290513333,0.14840637450199204,1.0
0.03322039799829904,0.1485543369890329,1.0
0.03351101345471109,0.14870259481037923,1.0
0.033516879655993946,0.14885114885114886,1.0
0.03354118671654301,0.149,1.0
0.03396500383431735,0.14914914914914915,1.0
0.034054590425955766,0.1492985971943888,1.0
0.03411894875363187,0.14944834503510532,1.0
0.03424634827915319,0.1495983935742972,1.0
0.03425763385899732,0.14974874371859295,1.0
0.034321547965254544,0.14989939637826963,1.0
0.03440004527711532,0.1500503524672709,1.0
0.03474697241785766,0.1502016129032258,1.0
0.0347551953165874,0.1503531786074672,1.0
0.034843506243803175,0.1505050505050505,1.0
0.03504263620618738,0.1506572295247725,1.0
0.035051614634185144,0.1508097165991903,1.0
0.03511721336100748,0.15096251266464034,1.0
0.03526581152207167,0.1511156186612576,1.0
0.035305960356363804,0.15126903553299492,1.0
0.03538723472273823,0.15142276422764228,1.0
0.03550676844063111,0.1515768056968464,1.0
0.03550900685423051,0.15173116089613034,1.0
0.035588660427305636,0.15188583078491336,1.0
0.03584154615538445,0.1520408163265306,1.0
0.03593651648922664,0.15219611848825332,1.0
0.0359411339657773,0.1523517382413088,1.0
0.035948751872449745,0.15250767656090072,1.0
0.0359582128001544,0.1526639344262295,1.0
0.03609255592211834,0.15282051282051282,1.0
0.03633184577017819,0.15297741273100615,1.0
0.036366422581339417,0.15313463514902365,1.0
0.03642107974789964,0.15329218106995884,1.0
0.03658423064267468,0.15345005149330587,1.0
0.03679525704587552,0.15360824742268042,1.0
0.03684484186702574,0.15376676986584106,1.0
0.037172926821464905,0.15392561983471073,1.0
0.037360049424725504,0.15408479834539815,1.0
0.03755307505852444,0.15424430641821946,1.0
0.037972528469457034,0.1544041450777202,1.0
0.038271212480583905,0.1545643153526971,1.0
0.0382883215815996,0.15472481827622014,1.0
0.038327987506048045,0.1548856548856549,1.0
0.03841633028020218,0.1550468262226847,1.0
0.03890161249000669,0.15520833333333334,1.0
0.03894647164331817,0.1553701772679875,1.0
0.03912006207999227,0.15553235908141963,1.0
0.03918044999077267,0.15569487983281086,1.0
0.039255568179405544,0.15585774058577406,1.0
0.0393399423521711,0.15602094240837697,1.0
0.039486550725327106,0.15618448637316562,1.0
0.03976065423926381,0.15634837355718784,1.0
0.039783196461478,0.1565126050420168,1.0
0.03993382019252816,0.15667718191377497,1.0
0.03996347694894502,0.1568421052631579,1.0
0.039966017904958795,0.15700737618545837,1.0
0.04025543882059299,0.1571729957805907,1.0
0.040374839123220506,0.1573389651531151,1.0
0.04037675341066468,0.15750528541226216,1.0
0.040500115108069765,0.15767195767195769,1.0
0.04050493828987377,0.15783898305084745,1.0
0.04110896676231179,0.15800636267232238,1.0
0.04128528670855191,0.15817409766454352,1.0
0.04131435777233725,0.15834218916046758,1.0
0.04132918626767722,0.15851063829787235,1.0
0.041331353793796,0.15867944621938232,1.0
0.041683973880201605,0.15884861407249468,1.0
0.04189046339376331,0.15901814300960512,1.0
0.04192690361395165,0.15918803418803418,1.0
0.042225474530284,0.15935828877005348,1.0
0.04240230798011095,0.15952890792291222,1.0
0.04250812406292353,0.15969989281886388,1.0
0.04267477439304602,0.15987124463519314,1.0
0.042903881176104865,0.16004296455424274,1.0
0.04342226477153659,0.16021505376344086,1.0
0.04347674213583418,0.1603875134553283,1.0
0.043611623800793316,0.16056034482758622,1.0
0.043665506987616655,0.16073354908306364,1.0
0.043669185565330206,0.16090712742980562,1.0
0.043791747305276844,0.16108108108108107,1.0
0.043818205401044336,0.16125541125541126,1.0
0.043956113297227095,0.16143011917659805,1.0
0.0439847675799898,0.1616052060737527,1.0
0.04410535681101469,0.16178067318132464,1.0
0.04424982897066518,0.16195652173913044,1.0
0.044262203225645225,0.16213275299238303,1.0
0.04444741600059512,0.16230936819172112,1.0
0.044570063673199524,0.1624863685932388,1.0
0.04477335214605054,0.16266375545851527,1.0
0.04488275837270291,0.1628415300546448,1.0
0.04500661902527653,0.16301969365426697,1.0
0.04501293963182114,0.16319824753559695,1.0
0.04521512519355795,0.16337719298245615,1.0
0.045263947717313346,0.16355653128430298,1.0
0.045571990210573954,0.16373626373626374,1.0
0.04582923815613302,0.1639163916391639,1.0
0.04636099866496537,0.16409691629955947,1.0
0.04657939965623644,0.16427783902976847,1.0
0.046642463932341054,0.16445916114790288,1.0
0.04677364653195645,0.16464088397790055,1.0
0.04691497460124711,0.16482300884955753,1.0
0.04696528396350421,0.16500553709856036,1.0
0.047111245169263585,0.16518847006651885,1.0
0.04714278113230485,0.16537180910099888,1.0
0.04730788151888256,0.16555555555555557,1.0
0.04738065877361934,0.1657397107897664,1.0
0.04741180767920338,0.16592427616926503,1.0
0.04744170624793375,0.16610925306577481,1.0
0.047486991422468344,0.16629464285714285,1.0
0.04759746592311125,0.1664804469273743,1.0
0.04770630993919405,0.16666666666666666,1.0
0.04774897557229969,0.16685330347144456,1.0
0.047780759364948494,0.16704035874439463,1.0
0.04800731652931936,0.16722783389450055,1.0
0.04804278793923535,0.16741573033707866,1.0
0.04813869078987461,0.16760404949381327,1.0
0.048164225204943456,0.1677927927927928,1.0
0.04843529358397542,0.16798196166854565,1.0
0.04850027307560043,0.16817155756207675,1.0
0.04855371373144465,0.16836158192090395,1.0
0.04867754012735101,0.16855203619909503,1.0
0.04884715795228429,0.16874292185730463,1.0
0.04885329282427952,0.1689342403628118,1.0
0.048950062073398394,0.16912599318955732,1.0
0.04909041218453594,0.1693181818181818,1.0
0.04920089474813436,0.1695108077360637,1.0
0.04924785105589929,0.16970387243735763,1.0
0.04973292450364865,0.16989737742303307,1.0
0.049771897062844565,0.17009132420091325,1.0
0.04978876768595778,0.1702857142857143,1.0
0.049850828291529745,0.17048054919908467,1.0
0.04991388321084896,0.1706758304696449,1.0
0.049945627286387136,0.17087155963302753,1.0
0.050228535771001094,0.17106773823191734,1.0
0.05041571983713573,0.17126436781609194,1.0
0.05062714500212721,0.1714614499424626,1.0
0.0506517373750034,0.1716589861751152,1.0
0.05086107654859671,0.17185697808535177,1.0
0.05091055190315329,0.1720554272517321,1.0
0.05091723508537348,0.1722543352601156,1.0
0.050976122538237176,0.1724537037037037,1.0
0.05104191108033849,0.17265353418308227,1.0
0.05106901320526423,0.1728538283062645,1.0
0.05111540817010634,0.17305458768873402,1.0
0.0512237515283386,0.17325581395348838,1.0
0.051338714247766586,0.17345750873108265,1.0
0.051378666412366825,0.17365967365967366,1.0
0.05144117634251,0.17386231038506417,1.0
0.05171127710435029,0.17406542056074767,1.0
0.05176796930239558,0.1742690058479532,1.0
0.05189376470920536,0.17447306791569087,1.0
0.05191503930660021,0.1746776084407972,1.0
0.051987718647342515,0.17488262910798122,1.0
0.05210156329149089,0.17508813160987075,1.0
0.052107968862476574,0.17529411764705882,1.0
0.05211081737704752,0.17550058892815076,1.0
0.052130431188508734,0.17570754716981132,1.0
0.05217449314432864,0.17591499409681227,1.0
0.05232140818310158,0.17612293144208038,1.0
0.052494465684830835,0.17633136094674556,1.0
0.0525163241098411,0.17654028436018956,1.0
0.05253156701618697,0.1767497034400949,1.0
0.052559647438191325,0.17695961995249407,1.0
0.05260873824871262,0.17717003567181927,1.0
0.05276752234216796,0.1773809523809524,1.0
0.052861897424547805,0.17759237187127533,1.0
0.05318033480748667,0.17780429594272076,1.0
0.053277569721312965,0.17801672640382318,1.0
0.05335050123894372,0.17822966507177032,1.0
0.05336550134959523,0.1784431137724551,1.0
0.05348241610386551,0.17865707434052758,1.0
0.05365075084490619,0.1788715486194478,1.0
0.05377260349308704,0.17908653846153846,1.0
0.05384524313011784,0.1793020457280385,1.0
0.053944379978548875,0.17951807228915662,1.0
0.05398754568571257,0.17973462002412546,1.0
0.0541746430842774,0.17995169082125603,1.0
0.05418023695954516,0.18016928657799275,1.0
0.05418960221188092,0.18038740920096852,1.0
0.054226044623562085,0.1806060606060606,1.0
0.054355399167917845,0.1808252427184466,1.0
0.05436286142864349,0.181044957472661,1.0
0.054431659868132705,0.18126520681265207,1.0
0.05445281363935973,0.1814859926918392,1.0
0.054484945627918516,0.18170731707317073,1.0
0.05461393144421651,0.18192918192918192,1.0
0.05475868343871854,0.1821515892420538,1.0
0.055009924728075095,0.18237454100367198,1.0
0.055041259270274,0.18259803921568626,1.0
0.055176119747218595,0.18282208588957055,1.0
0.055376565868418035,0.18304668304668303,1.0
0.05542518395647261,0.18327183271832717,1.0
0.055630291732336246,0.1834975369458128,1.0
0.05567540206386583,0.18372379778051787,1.0
0.05569974120406991,0.18395061728395062,1.0
0.05582465284599306,0.1841779975278121,1.0
0.05608475014438527,0.1844059405940594,1.0
0.056167727639186774,0.18463444857496902,1.0
0.056254178986440986,0.184863523573201,1.0
0.05634949417848317,0.18509316770186335,1.0
0.056509969778892125,0.1853233830845771,1.0
0.05660497620656564,0.1855541718555417,1.0
0.056743233840404805,0.185785536159601,1.0
0.0567750660031675,0.18601747815230962,1.0
0.05697827644192245,0.18625,1.0
0.0570917242068582,0.18648310387984982,1.0
0.05732982191378791,0.18671679197994986,1.0
0.05743976922685069,0.18695106649937265,1.0
0.0575809511449517,0.1871859296482412,1.0
0.05767009053696717,0.18742138364779873,1.0
0.05768334781707027,0.18765743073047858,1.0
0.05777465343276112,0.18789407313997478,1.0
0.057880668305231496,0.18813131313131312,1.0
0.05791138871397382,0.18836915297092288,1.0
0.05814731063678101,0.18860759493670887,1.0
0.05815987058298694,0.1888466413181242,1.0
0.058335479829790926,0.18932655654383734,1.0
0.05854188538009005,0.1895674300254453,1.0
0.05870771282111249,0.18980891719745224,1.0
0.058824729276342226,0.19005102040816327,1.0
0.05894036089466465,0.19029374201787994,1.0
0.059121132421746166,0.19053708439897699,1.0
0.05927218000852043,0.19078104993597952,1.0
0.059306029642982115,0.191025641025641,1.0
0.059352845430580364,0.19127086007702182,1.0
0.05947541345386427,0.19151670951156813,1.0
0.05952901244096199,0.19176319176319176,1.0
0.059720496181781706,0.19201030927835053,1.0
0.05974956391863694,0.19225806451612903,1.0
0.05989043576175921,0.1925064599483204,1.0
0.059892455694485404,0.1927554980595084,1.0
0.06001167148624065,0.19300518134715025,1.0
0.06012056667183482,0.1932555123216602,1.0
0.06044950999491894,0.19350649350649352,1.0
0.06085244447550971,0.19375812743823148,1.0
0.06098025387770413,0.19401041666666666,1.0
0.061398290892611694,0.19426336375488917,1.0
0.061408654870124084,0.19451697127937337,1.0
0.06146103572308872,0.19477124183006536,1.0
0.06148173167717461,0.1950261780104712,1.0
0.06151938649189269,0.19528178243774574,1.0
0.06155914153469738,0.19553805774278216,1.0
0.06157359879461483,0.19579500657030224,1.0
0.06183477750745371,0.19605263157894737,1.0
0.061849195771043766,0.1963109354413702,1.0
0.062134375067693114,0.19656992084432717,1.0
0.06217583239562082,0.19682959048877147,1.0
0.062192227471843234,0.1970899470899471,1.0
0.06222698269556563,0.19735099337748344,1.0
0.06223534622705737,0.1976127320954907,1.0
0.06236095914552868,0.19787516600265603,1.0
0.06237260890043778,0.1981382978723404,1.0
0.06237521886962746,0.19840213049267644,1.0
0.06264318692084359,0.19866666666666666,1.0
0.06289077676435761,0.19893190921228304,1.0
0.06294446316590235,0.19919786096256684,1.0
0.06299559995147422,0.1994645247657296,1.0
0.06300118222154039,0.19973190348525469,1.0
0.06303198124503434,0.2,1.0
0.06305287110848659,0.20026881720430106,1.0
0.06330833526844942,0.20053835800807537,1.0
0.06332451794317114,0.20080862533692723,1.0
0.063337007165393,0.20107962213225372,1.0
0.06341073824212695,0.20135135135135135,1.0
0.06374096497446925,0.20162381596752368,1.0
0.06395140971242531,0.2018970189701897,1.0
0.06407904031235012,0.2021709633649932,1.0
0.064433857560649,0.20244565217391305,1.0
0.06444735492949989,0.20272108843537415,1.0
0.06463819984061371,0.20299727520435967,1.0
0.06471403788542356,0.20327421555252387,1.0
0.06483177104029476,0.20355191256830601,1.0
0.0650561878324271,0.20383036935704515,1.0
0.06521460129745162,0.20410958904109588,1.0
0.06530506498964121,0.20438957475994513,1.0
0.06538059452592335,0.20467032967032966,1.0
0.06538279347384678,0.20495185694635487,1.0
0.06549238652192059,0.20523415977961432,1.0
0.06566850080124333,0.20551724137931035,1.0
0.06581126876792104,0.2058011049723757,1.0
0.06592655922894969,0.20608575380359612,1.0
0.06595503421898795,0.20637119113573407,1.0
0.06596944219228042,0.20665742024965325,1.0
0.06604679850252634,0.20694444444444443,1.0
0.06626481366788124,0.20723226703755215,1.0
0.06633657160259626,0.2075208913649025,1.0
0.0663423882707873,0.20781032078103207,1.0
0.06666986896674303,0.20810055865921787,1.0
0.06678314440350606,0.2083916083916084,1.0
0.06689480733167458,0.20868347338935575,1.0
0.06717643359849353,0.20897615708274894,1.0
0.06723252498618917,0.20926966292134833,1.0
0.06732517975533242,0.20956399437412096,1.0
0.06736820169968422,0.20985915492957746,1.0
0.06755001296681609,0.21015514809590974,1.0
0.06762438541911886,0.21045197740112995,1.0
0.06777956099118142,0.21074964639321075,1.0
0.06786341769446573,0.21104815864022664,1.0
0.06790698832980092,0.21134751773049645,1.0
0.06811363830720515,0.21164772727272727,1.0
0.06824233367893551,0.2119487908961593,1.0
0.06832879138047482,0.21225071225071226,1.0
0.06843001209574077,0.21255349500713266,1.0
0.06857985249004814,0.21285714285714286,1.0
0.0686294342027003,0.21316165951359084,1.0
0.06868163520826633,0.2134670487106017,1.0
0.06870652264311589,0.21377331420373027,1.0
0.06935136438114818,0.21408045977011494,1.0
0.06952469904799825,0.2143884892086331,1.0
0.06962012762874423,0.21469740634005763,1.0
0.06963310676870697,0.215007215007215,1.0
0.06970084089627113,0.2153179190751445,1.0
0.06970594655355387,0.21562952243125905,1.0
0.07014153076393358,0.21594202898550724,1.0
0.07017145048368476,0.216255442670537,1.0
0.07033551370191206,0.21656976744186046,1.0
0.0703642536856074,0.21688500727802038,1.0
0.07059983033309344,0.21720116618075802,1.0
0.07077810870172867,0.21751824817518248,1.0
0.07078451433758627,0.21815519765739386,1.0
0.07081289132473993,0.218475073313783,1.0
0.07116552180091315,0.21879588839941264,1.0
0.07117554214825905,0.21911764705882353,1.0
0.07154138554381008,0.21944035346097202,1.0
0.07190486096928737,0.21976401179941002,1.0
0.07200442580762928,0.22008862629246675,1.0
0.07206754093989103,0.22041420118343194,1.0
0.07215774856899533,0.22074074074074074,1.0
0.07218506247800259,0.22106824925816024,1.0
0.07224365123661154,0.2213967310549777,1.0
0.07225470492242025,0.22172619047619047,1.0
0.07245551285394464,0.22205663189269748,1.0
0.07258193536508337,0.22238805970149253,1.0
0.07282707709671024,0.2227204783258595,1.0
0.07312325339126484,0.22305389221556887,1.0
0.07320091879145801,0.22338830584707647,1.0
0.07321936504947058,0.22372372372372373,1.0
0.07339281652575884,0.22406015037593985,1.0
0.07345537093908863,0.22439759036144577,1.0
0.07351611519801333,0.22473604826546004,1.0
0.07356291161561986,0.22507552870090636,1.0
0.07358727890350099,0.2254160363086233,1.0
0.0735896946077558,0.22575757575757577,1.0
0.07359266285546404,0.22610015174506828,1.0
0.07370197897281634,0.22644376899696048,1.0
0.07385453852790905,0.2267884322678843,1.0
0.07385620159526674,0.22713414634146342,1.0
0.07409668872121401,0.22748091603053436,1.0
0.07416657578342145,0.22782874617737003,1.0
0.07423668972600046,0.22817764165390506,1.0
0.07424740966861096,0.2285276073619632,1.0
0.07439763286110458,0.22887864823348694,1.0
0.07442515688323374,0.22923076923076924,1.0
0.07496805665984504,0.2295839753466872,1.0
0.07498069504657426,0.22993827160493827,1.0
0.07501906120671999,0.2302936630602782,1.0
0.07503482731355843,0.2306501547987616,1.0
0.07517377380093687,0.2310077519379845,1.0
0.07525124108098154,0.23136645962732919,1.0
0.075357485862031,0.2317262830482115,1.0
0.0754723581999483,0.23208722741433022,1.0
0.07548980534496545,0.23244929797191888,1.0
0.07555685214559012,0.2328125,1.0
0.0761277096877425,0.23317683881064163,1.0
0.07629392625625783,0.2335423197492163,1.0
0.07643491096800778,0.23390894819466249,1.0
0.07672164257753057,0.23427672955974843,1.0
0.07673683239457371,0.2346456692913386,1.0
0.07678145886900385,0.23501577287066247,1.0
0.07679296721612214,0.2353870458135861,1.0
0.07695444731254711,0.23575949367088608,1.0
0.07701034815275161,0.23613312202852615,1.0
0.07727999507469765,0.2365079365079365,1.0
0.07755243449136599,0.2368839427662957,1.0
0.07825568344105581,0.2372611464968153,1.0
0.07829424453272578,0.23763955342902712,1.0
0.07887384355815172,0.2380191693290735,1.0
0.07887658615148173,0.2384,1.0
0.07910776106054394,0.2387820512820513,1.0
0.07914907200343253,0.2391653290529695,1.0
0.07927029428969067,0.2395498392282958,1.0
0.07939034621298281,0.23993558776167473,1.0
0.07963853173087425,0.2403225806451613,1.0
0.07986856096579094,0.2407108239095315,1.0
0.07993902824581611,0.24110032362459546,1.0
0.08006669191884708,0.24149108589951376,1.0
0.08025684367628791,0.2418831168831169,1.0
0.08032397047087833,0.24227642276422764,1.0
0.08035044668664064,0.24267100977198697,1.0
0.08040963755227767,0.24306688417618272,1.0
0.08056313119312772,0.2434640522875817,1.0
0.08067049945657788,0.24386252045826515,1.0
0.0807525607831871,0.2442622950819672,1.0
0.08086567894975649,0.2450657894736842,1.0
0.08088624844182608,0.24546952224052718,1.0
0.08093673288240105,0.24587458745874588,1.0
0.08125996980664622,0.2462809917355372,1.0
0.08132427757623086,0.24668874172185432,1.0
0.08143212240125575,0.2470978441127695,1.0
0.08155524828621086,0.24750830564784054,1.0
0.08163631548896708,0.24625623960066556,0.9932885906040269
0.08184777411076463,0.24666666666666667,0.9932885906040269
0.0818546765102823,0.24707846410684475,0.9932885906040269
0.08196116877546664,0.24790619765494137,0.9932885906040269
0.08207604722136583,0.2483221476510067,0.9932885906040269
0.08225716377865515,0.24705882352941178,0.9865771812080537
0.0822623389735368,0.2474747474747475,0.9865771812080537
0.08231495241866826,0.2478920741989882,0.9865771812080537
0.08236040975896936,0.2483108108108108,0.9865771812080537
0.08241644005592269,0.24873096446700507,0.9865771812080537
0.08259435394422707,0.24915254237288137,0.9865771812080537
0.08277470834900018,0.2495755517826825,0.9865771812080537
0.0830326803626904,0.25,0.9865771812080537
0.08314140269551698,0.2504258943781942,0.9865771812080537
0.08341864676902735,0.2508532423208191,0.9865771812080537
0.08351828780886748,0.2512820512820513,0.9865771812080537
0.08357743573131798,0.2517123287671233,0.9865771812080537
0.08371777487462971,0.2521440823327616,0.9865771812080537
0.0837953482323331,0.25257731958762886,0.9865771812080537
0.08390483215474057,0.25301204819277107,0.9865771812080537
0.08440990351497474,0.253448275862069,0.9865771812080537
0.08444659326876612,0.2538860103626943,0.9865771812080537
0.08468534484743236,0.25432525951557095,0.9865771812080537
0.08480732085451681,0.25476603119584057,0.9865771812080537
0.0848468588860667,0.2552083333333333,0.9865771812080537
0.08504673386409092,0.25565217391304346,0.9865771812080537
0.08521080209980453,0.25609756097560976,0.9865771812080537
0.08533683472313008,0.25654450261780104,0.9865771812080537
0.08534090768120832,0.256993006993007,0.9865771812080537
0.08565445959088279,0.2574430823117338,0.9865771812080537
0.08576004941801656,0.2578947368421053,0.9865771812080537
0.0865070310314215,0.2583479789103691,0.9865771812080537
0.08666592267236375,0.25880281690140844,0.9865771812080537
0.08668893691080966,0.25925925925925924,0.9865771812080537
0.08670531413485155,0.2597173144876325,0.9865771812080537
0.08700262036871205,0.26017699115044246,0.9865771812080537
0.08714681912749087,0.26063829787234044,0.9865771812080537
0.08724768998275047,0.261101243339254,0.9865771812080537
0.08733243685263681,0.2615658362989324,0.9865771812080537
0.08743816368881158,0.2620320855614973,0.9865771812080537
0.0875375243535056,0.2625,0.9865771812080537
0.0875404000061897,0.2629695885509839,0.9865771812080537
0.087558506540573,0.26344086021505375,0.9865771812080537
0.08764127280763932,0.2639138240574506,0.9865771812080537
0.08799143513548124,0.2643884892086331,0.9865771812080537
0.08830635907359052,0.2648648648648649,0.9865771812080537
0.08832497411209175,0.26534296028880866,0.9865771812080537
0.08856127857346655,0.26582278481012656,0.9865771812080537
0.08864415214117059,0.266304347826087,0.9865771812080537
0.08870176690315412,0.26678765880217786,0.9865771812080537
0.08872250503261368,0.2672727272727273,0.9865771812080537
0.08876784267051066,0.2677595628415301,0.9865771812080537
0.0889920916779783,0.26824817518248173,0.9865771812080537
0.08940278311011894,0.2687385740402194,0.9865771812080537
0.08940733489533718,0.2692307692307692,0.9865771812080537
0.08950213405833464,0.26972477064220185,0.9865771812080537
0.08998887846335113,0.2702205882352941,0.9865771812080537
0.09004722661597221,0.27071823204419887,0.9865771812080537
0.09021168071016575,0.27121771217712176,0.9865771812080537
0.09027472494622271,0.27171903881700554,0.9865771812080537
0.09032875762860877,0.2722222222222222,0.9865771812080537
0.09050016335984822,0.2727272727272727,0.9865771812080537
0.09071748630825188,0.2732342007434944,0.9865771812080537
0.09077264091195783,0.2737430167597765,0.9865771812080537
0.09091454667239915,0.27425373134328357,0.9865771812080537
0.09095192472894824,0.27476635514018694,0.9865771812080537
0.09096228966712848,0.2752808988764045,0.9865771812080537
0.0910689590350724,0.275797373358349,0.9865771812080537
0.09123136798485683,0.27631578947368424,0.9865771812080537
0.09133277733528897,0.2768361581920904,0.9865771812080537
0.09135238391811185,0.27735849056603773,0.9865771812080537
0.09146924104817457,0.2784090909090909,0.9865771812080537
0.09147104566684779,0.27893738140417457,0.9865771812080537
0.09157111322184497,0.279467680608365,0.9865771812080537
0.09174111476002757,0.28,0.9865771812080537
0.09185859733802197,0.28053435114503816,0.9865771812080537
0.09189044042347219,0.28107074569789675,0.9865771812080537
0.09224044588398296,0.28160919540229884,0.9865771812080537
0.09226918676122067,0.2821497120921305,0.9865771812080537
0.09251803901097452,0.2826923076923077,0.9865771812080537
0.09264858385105,0.2832369942196532,0.9865771812080537
0.09282976271899436,0.28378378378378377,0.9865771812080537
0.09293387638304447,0.28433268858800775,0.9865771812080537
0.09373159266492995,0.28488372093023256,0.9865771812080537
0.09408681596108526,0.2854368932038835,0.9865771812080537
0.09408922265235005,0.28599221789883267,0.9865771812080537
0.09427577961128285,0.28654970760233917,0.9865771812080537
0.0943485287882633,0.287109375,0.9865771812080537
0.09435456373566206,0.2876712328767123,0.9865771812080537
0.09439622484350083,0.28823529411764703,0.9865771812080537
0.09440893013640932,0.2888015717092338,0.9865771812080537
0.09459367102970818,0.28937007874015747,0.9865771812080537
0.09461368039672305,0.28994082840236685,0.9865771812080537
0.09481692310442398,0.29051383399209485,0.9865771812080537
0.09520107764481416,0.29108910891089107,0.9865771812080537
0.09543832162854386,0.2916666666666667,0.9865771812080537
0.09562420230801132,0.2922465208747515,0.9865771812080537
0.09564771040288253,0.29282868525896416,0.9865771812080537
0.09591448512377315,0.2934131736526946,0.9865771812080537
0.09602331348865406,0.294,0.9865771812080537
0.09665738353052268,0.29458917835671344,0.9865771812080537
0.09680843085534761,0.29518072289156627,0.9865771812080537
0.09709290673384921,0.29577464788732394,0.9865771812080537
0.09736497477557715,0.2963709677419355,0.9865771812080537
0.09786372113166136,0.296969696969697,0.9865771812080537
0.09808083696815491,0.2975708502024291,0.9865771812080537
0.09811375084626832,0.29817444219066935,0.9865771812080537
0.09815218487216734,0.29878048780487804,0.9865771812080537
0.09816241303972606,0.3,0.9865771812080537
0.09852455833756199,0.3006134969325153,0.9865771812080537
0.09857974004084469,0.3012295081967213,0.9865771812080537
0.09890007010474795,0.30184804928131415,0.9865771812080537
0.09953756301498654,0.30246913580246915,0.9865771812080537
0.09967901405431859,0.3030927835051546,0.9865771812080537
0.09998542735998527,0.3037190082644628,0.9865771812080537
0.1002083503536415,0.30434782608695654,0.9865771812080537
0.10062913876173224,0.3049792531120332,0.9865771812080537
0.1006619462394676,0.30561330561330563,0.9865771812080537
0.10087506947327175,0.30625,0.9865771812080537
0.10121620977362873,0.3068893528183716,0.9865771812080537
0.10145381217122937,0.3075313807531381,0.9865771812080537
0.10172567817231028,0.3081761006289308,0.9865771812080537
0.102085232765784,0.3088235294117647,0.9865771812080537
0.10227300327471223,0.3094736842105263,0.9865771812080537
0.10236491391319384,0.310126582278481,0.9865771812080537
0.10243320404069844,0.3107822410147992,0.9865771812080537
0.10258167948225541,0.3114406779661017,0.9865771812080537
0.10269266408018306,0.31210191082802546,0.9865771812080537
0.10282144433701691,0.3127659574468085,0.9865771812080537
0.10305419357740421,0.31343283582089554,0.9865771812080537
0.10391901451843805,0.3141025641025641,0.9865771812080537
0.10404963080815013,0.3147751605995717,0.9865771812080537
0.10442700851273472,0.315450643776824,0.9865771812080537
0.10463234896563338,0.3161290322580645,0.9865771812080537
0.10465737810237515,0.3168103448275862,0.9865771812080537
0.10487455230695822,0.3174946004319654,0.9865771812080537
0.10487636402289349,0.3181818181818182,0.9865771812080537
0.10491018760966865,0.3188720173535792,0.9865771812080537
0.10499410552661737,0.31956521739130433,0.9865771812080537
0.1050761240036631,0.3202614379084967,0.9865771812080537
0.10541196630973584,0.32096069868995636,0.9865771812080537
0.10547657153912499,0.32166301969365424,0.9865771812080537
0.10560622007880242,0.3223684210526316,0.9865771812080537
0.10573386877354359,0.3230769230769231,0.9865771812080537
0.10606375524266504,0.3237885462555066,0.9865771812080537
0.1060885165626442,0.32450331125827814,0.9865771812080537
0.10620155896373319,0.3252212389380531,0.9865771812080537
0.10635820085013462,0.3259423503325942,0.9865771812080537
0.10645317221614434,0.32666666666666666,0.9865771812080537
0.10664324605448826,0.3273942093541203,0.9865771812080537
0.10707086089366295,0.328125,0.9865771812080537
0.10725120566707118,0.3288590604026846,0.9865771812080537
0.10727458702600615,0.3295964125560538,0.9865771812080537
0.1073402544773215,0.3303370786516854,0.9865771812080537
0.10737306157137419,0.3310810810810811,0.9865771812080537
0.10745036350200728,0.33182844243792325,0.9865771812080537
0.10757344050739222,0.332579185520362,0.9865771812080537
0.1084986261555177,0.3333333333333333,0.9865771812080537
0.1086173752548249,0.3340909090909091,0.9865771812080537
0.10869089779241396,0.3348519362186788,0.9865771812080537
0.10869849109816136,0.3356164383561644,0.9865771812080537
0.10895621073272002,0.33638443935926776,0.9865771812080537
0.10943540640822254,0.33715596330275227,0.9865771812080537
0.10955558284647202,0.33793103448275863,0.9865771812080537
0.10995279251782185,0.3387096774193548,0.9865771812080537
0.11016721765662153,0.3394919168591224,0.9865771812080537
0.11033907043244194,0.3402777777777778,0.9865771812080537
0.11036856044981468,0.34106728538283065,0.9865771812080537
0.11047429534455953,0.34265734265734266,0.9865771812080537
0.11110794386822183,0.34345794392523366,0.9865771812080537
0.11178919556774053,0.3442622950819672,0.9865771812080537
0.11198645091377961,0.34507042253521125,0.9865771812080537
0.11202373700113151,0.3458823529411765,0.9865771812080537
0.11231211049378882,0.3466981132075472,0.9865771812080537
0.11244558777461416,0.3475177304964539,0.9865771812080537
0.11249661700644378,0.34834123222748814,0.9865771812080537
0.1125081912591634,0.3491686460807601,0.9865771812080537
0.1127247720556766,0.35,0.9865771812080537
0.11278670596336988,0.35083532219570407,0.9865771812080537
0.11327803759631791,0.35167464114832536,0.9865771812080537
0.11363398685395683,0.35251798561151076,0.9865771812080537
0.11380093033518493,0.35336538461538464,0.9865771812080537
0.11387762008861205,0.3542168674698795,0.9865771812080537
0.1143001755514786,0.35507246376811596,0.9865771812080537
0.11438364278231576,0.3559322033898305,0.9865771812080537
0.11456272520363683,0.3567961165048544,0.9865771812080537
0.11471383055873918,0.35853658536585364,0.9865771812080537
0.11496195943474043,0.3594132029339853,0.9865771812080537
0.11500238684301305,0.3602941176470588,0.9865771812080537
0.11572827879053477,0.36117936117936117,0.9865771812080537
0.11652795392529748,0.3620689655172414,0.9865771812080537
0.11655403804232528,0.362962962962963,0.9865771812080537
0.11724625496508748,0.36386138613861385,0.9865771812080537
0.11752580338021563,0.36476426799007444,0.9865771812080537
0.1181223380654141,0.3656716417910448,0.9865771812080537
0.11827858667237862,0.3675,0.9865771812080537
0.11856838769087676,0.3684210526315789,0.9865771812080537
0.11864594249441675,0.3693467336683417,0.9865771812080537
0.11889135603623421,0.3702770780856423,0.9865771812080537
0.11898043488402064,0.3712121212121212,0.9865771812080537
0.1190403885864692,0.3721518987341772,0.9865771812080537
0.11909228439815646,0.3730964467005076,0.9865771812080537
0.1191484118931259,0.37404580152671757,0.9865771812080537
0.11924850930355904,0.375,0.9865771812080537
0.11999703223937201,0.37595907928388744,0.9865771812080537
0.12021448239140078,0.3769230769230769,0.9865771812080537
0.12048055959701598,0.3788659793814433,0.9865771812080537
0.12049420856345382,0.3798449612403101,0.9865771812080537
0.12059501060680039,0.3838120104438642,0.9865771812080537
0.12059897778073106,0.38481675392670156,0.9865771812080537
0.12066178878065112,0.3868421052631579,0.9865771812080537
0.12076347686291074,0.38786279683377306,0.9865771812080537
0.12098887769145557,0.3888888888888889,0.9865771812080537
0.12109801463525119,0.38992042440318303,0.9865771812080537
0.12160717942129239,0.39095744680851063,0.9865771812080537
0.12161490817386558,0.392,0.9865771812080537
0.12204157141466634,0.393048128342246,0.9865771812080537
0.12340598752345748,0.3941018766756032,0.9865771812080537
0.12343577101976126,0.3951612903225806,0.9865771812080537
0.12346078345121428,0.39622641509433965,0.9865771812080537
0.12369240393394706,0.3972972972972973,0.9865771812080537
0.12375902887334048,0.3983739837398374,0.9865771812080537
0.12390259106393693,0.39945652173913043,0.9865771812080537
0.12400311990509122,0.40054495912806537,0.9865771812080537
0.12519516931850838,0.4016393442622951,0.9865771812080537
0.12546107422115108,0.40273972602739727,0.9865771812080537
0.12595301743757079,0.40384615384615385,0.9865771812080537
0.12597186421109519,0.4049586776859504,0.9865771812080537
0.12597708464463783,0.40607734806629836,0.9865771812080537
0.12692875629745223,0.407202216066482,0.9865771812080537
0.12713858286994278,0.4083333333333333,0.9865771812080537
0.1277341567391979,0.40947075208913647,0.9865771812080537
0.1277896307179996,0.4106145251396648,0.9865771812080537
0.12822580841560183,0.4117647058823529,0.9865771812080537
0.12884143484783678,0.41292134831460675,0.9865771812080537
0.12884563053239556,0.4140845070422535,0.9865771812080537
0.12899487975502483,0.4152542372881356,0.9865771812080537
0.1296927712426781,0.4164305949008499,0.9865771812080537
0.12977202467684,0.41761363636363635,0.9865771812080537
0.12985109303216785,0.4188034188034188,0.9865771812080537
0.13009737638489197,0.42,0.9865771812080537
0.13114463108800606,0.42120343839541546,0.9865771812080537
0.1311470097684024,0.4224137931034483,0.9865771812080537
0.13213203520141037,0.42363112391930835,0.9865771812080537
0.13218554514937797,0.42485549132947975,0.9865771812080537
0.13348214643056386,0.4260869565217391,0.9865771812080537
0.13359012722517888,0.4273255813953488,0.9865771812080537
0.13393845618165953,0.42857142857142855,0.9865771812080537
0.13408976268377118,0.4298245614035088,0.9865771812080537
0.13422411189065572,0.4310850439882698,0.9865771812080537
0.13575852963397447,0.4323529411764706,0.9865771812080537
0.13643564453680004,0.4336283185840708,0.9865771812080537
0.1374833807270195,0.4349112426035503,0.9865771812080537
0.1382197014811418,0.4362017804154303,0.9865771812080537
0.13837042611819625,0.4375,0.9865771812080537
0.13861704349948373,0.4388059701492537,0.9865771812080537
0.13906678894283908,0.44011976047904194,0.9865771812080537
0.13948904207014967,0.44144144144144143,0.9865771812080537
0.13984051171864334,0.4427710843373494,0.9865771812080537
0.13991022145087256,0.44410876132930516,0.9865771812080537
0.1404301157770818,0.44545454545454544,0.9865771812080537
0.14084130398176145,0.44680851063829785,0.9865771812080537
0.14148875534412947,0.4481707317073171,0.9865771812080537
0.14168721740630125,0.44954128440366975,0.9865771812080537
0.14174267068910304,0.450920245398773,0.9865771812080537
0.1418370392445805,0.4523076923076923,0.9865771812080537
0.14183794826916218,0.4537037037037037,0.9865771812080537
0.14263034417234635,0.4551083591331269,0.9865771812080537
0.14264805712967535,0.45652173913043476,0.9865771812080537
0.14272774682561842,0.45794392523364486,0.9865771812080537
0.14336865941096372,0.459375,0.9865771812080537
0.14388637376004176,0.4608150470219436,0.9865771812080537
0.14391488156270668,0.46226415094339623,0.9865771812080537
0.14451645754311848,0.4637223974763407,0.9865771812080537
0.14453445640524942,0.4651898734177215,0.9865771812080537
0.1445982738423352,0.4666666666666667,0.9865771812080537
0.14523490571051242,0.4681528662420382,0.9865771812080537
0.14528137779684885,0.4696485623003195,0.9865771812080537
0.14707992478621407,0.47115384615384615,0.9865771812080537
0.14712118928995602,0.47266881028938906,0.9865771812080537
0.1477193203928573,0.47419354838709676,0.9865771812080537
0.14799542400528956,0.47572815533980584,0.9865771812080537
0.14843270212673623,0.4786885245901639,0.9798657718120806
0.14905293226756264,0.48026315789473684,0.9798657718120806
0.149888048888216,0.48184818481848185,0.9798657718120806
0.15022119118622793,0.48344370860927155,0.9798657718120806
0.15050372298241163,0.4850498338870432,0.9798657718120806
0.15077179626621906,0.4866666666666667,0.9798657718120806
0.15111579197730787,0.4882943143812709,0.9798657718120806
0.151388911164684,0.4899328859060403,0.9798657718120806
0.15155329110499915,0.49158249158249157,0.9798657718120806
0.15182594189399382,0.49324324324324326,0.9798657718120806
0.15202100236345398,0.49491525423728816,0.9798657718120806
0.15264364127908348,0.4965986394557823,0.9798657718120806
0.1527992191159609,0.49829351535836175,0.9798657718120806
0.15386050015166985,0.5,0.9798657718120806
0.15498482074647313,0.5017182130584192,0.9798657718120806
0.1554206216957883,0.503448275862069,0.9798657718120806
0.1560025876992551,0.5051903114186851,0.9798657718120806
0.1566447596216958,0.5069444444444444,0.9798657718120806
0.15796969255878862,0.5087108013937283,0.9798657718120806
0.1588715073062671,0.5104895104895105,0.9798657718120806
0.16018646954600052,0.512280701754386,0.9798657718120806
0.16034676823562669,0.5140845070422535,0.9798657718120806
0.1610494488165495,0.5159010600706714,0.9798657718120806
0.16123358870203242,0.5177304964539007,0.9798657718120806
0.1613269641412643,0.5195729537366548,0.9798657718120806
0.16331864069833052,0.5214285714285715,0.9798657718120806
0.1634431157021348,0.5232974910394266,0.9798657718120806
0.16374928190652369,0.5251798561151079,0.9798657718120806
0.16458974950077956,0.5270758122743683,0.9798657718120806
0.1650183719088993,0.5289855072463768,0.9798657718120806
0.1657271886784845,0.5309090909090909,0.9798657718120806
0.16599505635368092,0.5328467153284672,0.9798657718120806
0.16634009749047463,0.5347985347985348,0.9798657718120806
0.16704340145167257,0.5367647058823529,0.9798657718120806
0.16817409748597542,0.5387453874538746,0.9798657718120806
0.17013920740916713,0.5407407407407407,0.9798657718120806
0.17019331524827705,0.5427509293680297,0.9798657718120806
0.1702784451626702,0.5447761194029851,0.9798657718120806
0.17033323265725636,0.5468164794007491,0.9798657718120806
0.1703405907965624,0.5488721804511278,0.9798657718120806
0.1703973380553918,0.5509433962264151,0.9798657718120806
0.17072528378697688,0.553030303030303,0.9798657718120806
0.17195526381351908,0.5513307984790875,0.9731543624161074
0.17263268068297244,0.5534351145038168,0.9731543624161074
0.17408298074230122,0.5555555555555556,0.9731543624161074
0.17571717006310267,0.5576923076923077,0.9731543624161074
0.1759238320526099,0.5598455598455598,0.9731543624161074
0.17627506755420078,0.562015503875969,0.9731543624161074
0.17696734486202315,0.5642023346303502,0.9731543624161074
0.1773024040925129,0.56640625,0.9731543624161074
0.1781140625293872,0.5686274509803921,0.9731543624161074
0.1793447298785888,0.5708661417322834,0.9731543624161074
0.17942505796875857,0.5731225296442688,0.9731543624161074
0.1799917697734605,0.5753968253968254,0.9731543624161074
0.18013239976311118,0.5776892430278885,0.9731543624161074
0.18128010443049924,0.58,0.9731543624161074
0.18143435116034648,0.5823293172690763,0.9731543624161074
0.18153717148410897,0.5846774193548387,0.9731543624161074
0.18215827253041378,0.5870445344129555,0.9731543624161074
0.18281803742570762,0.5894308943089431,0.9731543624161074
0.182969951297925,0.5918367346938775,0.9731543624161074
0.18343800791751924,0.5942622950819673,0.9731543624161074
0.184030227396431,0.5967078189300411,0.9731543624161074
0.1840696902251319,0.5991735537190083,0.9731543624161074
0.18506557985311434,0.6016597510373444,0.9731543624161074
0.18548676875061212,0.6041666666666666,0.9731543624161074
0.18580909824039862,0.606694560669456,0.9731543624161074
0.18653407915290218,0.6092436974789915,0.9731543624161074
0.18781151044539068,0.6118143459915611,0.9731543624161074
0.18853440964978196,0.6101694915254238,0.9664429530201343
0.18891879621057,0.6127659574468085,0.9664429530201343
0.19564940956484766,0.6153846153846154,0.9664429530201343
0.19650846103983652,0.6180257510729614,0.9664429530201343
0.19785283639479304,0.6206896551724138,0.9664429530201343
0.19851723351041423,0.6233766233766234,0.9664429530201343
0.20181214418300691,0.6260869565217392,0.9664429530201343
0.20347745276462423,0.62882096069869,0.9664429530201343
0.20373981451921577,0.631578947368421,0.9664429530201343
0.204689728075619,0.6343612334801763,0.9664429530201343
0.20821812070754744,0.6371681415929203,0.9664429530201343
0.20831136839632308,0.64,0.9664429530201343
0.2087616335316487,0.6428571428571429,0.9664429530201343
0.2124170013582384,0.6457399103139013,0.9664429530201343
0.2125871596660341,0.6486486486486487,0.9664429530201343
0.21510562464083754,0.6515837104072398,0.9664429530201343
0.21587995963476853,0.6545454545454545,0.9664429530201343
0.2170282855392161,0.6575342465753424,0.9664429530201343
0.2170854433756466,0.6605504587155964,0.9664429530201343
0.21716059643773736,0.663594470046083,0.9664429530201343
0.21718958015761466,0.6666666666666666,0.9664429530201343
0.21734300481233682,0.6697674418604651,0.9664429530201343
0.21822531237412893,0.6728971962616822,0.9664429530201343
0.21852867950235005,0.676056338028169,0.9664429530201343
0.22117956622280635,0.6792452830188679,0.9664429530201343
0.22323509943057657,0.6824644549763034,0.9664429530201343
0.22672956153042034,0.6857142857142857,0.9664429530201343
0.23087035918977256,0.6889952153110048,0.9664429530201343
0.23093865758539045,0.6923076923076923,0.9664429530201343
0.23131963752683873,0.6956521739130435,0.9664429530201343
0.23143427463929767,0.6990291262135923,0.9664429530201343
0.23203479214102643,0.7024390243902439,0.9664429530201343
0.2333704563630169,0.7058823529411765,0.9664429530201343
0.2380608113984598,0.7093596059113301,0.9664429530201343
0.24009939788868145,0.7128712871287128,0.9664429530201343
0.24030043857420044,0.7164179104477612,0.9664429530201343
0.24081495240558115,0.72,0.9664429530201343
0.24167121060469018,0.7236180904522613,0.9664429530201343
0.24742797246421405,0.7272727272727273,0.9664429530201343
0.24845536859919676,0.7309644670050761,0.9664429530201343
0.2496691778906634,0.7346938775510204,0.9664429530201343
0.25200543630458094,0.7384615384615385,0.9664429530201343
0.25275939161502925,0.7422680412371134,0.9664429530201343
0.2578219743997143,0.7461139896373057,0.9664429530201343
0.2584952954832066,0.75,0.9664429530201343
0.2592201069379919,0.7539267015706806,0.9664429530201343
0.26048900203734604,0.7578947368421053,0.9664429530201343
0.26061216562776723,0.7619047619047619,0.9664429530201343
0.26200986139920657,0.7659574468085106,0.9664429530201343
0.2682709170918201,0.7700534759358288,0.9664429530201343
0.2736122318639895,0.7741935483870968,0.9664429530201343
0.2760473090855653,0.772972972972973,0.959731543624161
0.28062181004713466,0.7771739130434783,0.959731543624161
0.28293069242978913,0.7814207650273224,0.959731543624161
0.28700423186452845,0.7857142857142857,0.959731543624161
0.2872872906232072,0.7845303867403315,0.9530201342281879
0.2975066780299746,0.7888888888888889,0.9530201342281879
0.3030619299527906,0.7932960893854749,0.9530201342281879
0.305681287428969,0.797752808988764,0.9530201342281879
0.30712943578941815,0.8022598870056498,0.9530201342281879
0.3074758616747954,0.8068181818181818,0.9530201342281879
0.3116719004790512,0.8114285714285714,0.9530201342281879
0.3136550116178318,0.8160919540229885,0.9530201342281879
0.3147539789425166,0.8208092485549133,0.9530201342281879
0.3207910605296878,0.8255813953488372,0.9530201342281879
0.32524118664851354,0.8304093567251462,0.9530201342281879
0.32789282169477674,0.8352941176470589,0.9530201342281879
0.33679193508090677,0.8402366863905325,0.9530201342281879
0.3383402811704719,0.8452380952380952,0.9530201342281879
0.3492466636622657,0.8502994011976048,0.9530201342281879
0.35310199072657034,0.8606060606060606,0.9530201342281879
0.3558609892137332,0.8658536585365854,0.9530201342281879
0.35618862518461886,0.8711656441717791,0.9530201342281879
0.36314285399944135,0.8765432098765432,0.9530201342281879
0.3733579796142034,0.8819875776397516,0.9530201342281879
0.38859829097722715,0.88125,0.9463087248322147
0.4005041708571682,0.8867924528301887,0.9463087248322147
0.41363665085880635,0.8860759493670886,0.9395973154362416
0.4377427019417328,0.89171974522293,0.9395973154362416
0.4411602346491667,0.8974358974358975,0.9395973154362416
0.44365101131851326,0.9032258064516129,0.9395973154362416
0.4446947217001759,0.9090909090909091,0.9395973154362416
0.44673576980718877,0.9084967320261438,0.9328859060402684
0.44773495831211263,0.9144736842105263,0.9328859060402684
0.4547380109416411,0.9205298013245033,0.9328859060402684
0.48137185540527755,0.9266666666666666,0.9328859060402684
0.48238544730193517,0.9261744966442953,0.9261744966442953
0.4991541326543635,0.9324324324324325,0.9261744966442953
0.5104882813649779,0.9319727891156463,0.9194630872483222
0.5348100696168656,0.9315068493150684,0.912751677852349
0.5728183524010526,0.9379310344827586,0.912751677852349
0.5752484050991733,0.9444444444444444,0.912751677852349
0.5824579277361382,0.9440559440559441,0.9060402684563759
0.5966239501312712,0.9436619718309859,0.8993288590604027
0.605061016490428,0.950354609929078,0.8993288590604027
0.6210136967229432,0.95,0.8926174496644296
0.6261536912226374,0.9568345323741008,0.8926174496644296
0.632470230675162,0.9565217391304348,0.8859060402684564
0.6465233415144769,0.9635036496350365,0.8859060402684564
0.6500986805126605,0.9705882352941176,0.8859060402684564
0.6586271769410743,0.9777777777777777,0.8859060402684564
0.6826105920122795,0.9774436090225563,0.87248322147651
0.68689772805752,0.9772727272727273,0.8657718120805369
0.7194141595799193,0.9847328244274809,0.8657718120805369
0.7201640278796722,0.9923076923076923,0.8657718120805369
0.7324179152633754,1.0,0.8657718120805369
0.7407526458698009,1.0,0.8590604026845637
0.7483938439366067,1.0,0.8523489932885906
0.7563821856610305,1.0,0.8456375838926175
0.7629168007363515,1.0,0.8389261744966443
0.7686470938086223,1.0,0.8322147651006712
0.7716303009140167,1.0,0.825503355704698
0.7757324055505617,1.0,0.8187919463087249
0.7763900102448895,1.0,0.8120805369127517
0.7783569450736363,1.0,0.8053691275167785
0.780628127716785,1.0,0.7986577181208053
0.7818401231264668,1.0,0.7919463087248322
0.7820921058133363,1.0,0.785234899328859
0.783910750929089,1.0,0.7785234899328859
0.7881388363673367,1.0,0.7718120805369127
0.7910702736419342,1.0,0.7651006711409396
0.7911598915342376,1.0,0.7583892617449665
0.7985677410971153,1.0,0.7516778523489933
0.799667458933672,1.0,0.7449664429530202
0.8014611665888098,1.0,0.738255033557047
0.8064348526166721,1.0,0.7315436241610739
0.8116407676730962,1.0,0.7248322147651006
0.8219692909414728,1.0,0.7181208053691275
0.8258777960102951,1.0,0.7114093959731543
0.8297277066409725,1.0,0.7046979865771812
0.8384423684747506,1.0,0.697986577181208
0.8410663715021199,1.0,0.6912751677852349
0.8489616543934018,1.0,0.6845637583892618
0.8585320385239424,1.0,0.6778523489932886
0.8588277819734018,1.0,0.6711409395973155
0.8613760517314064,1.0,0.6644295302013423
0.8631790590428219,1.0,0.6577181208053692
0.8642933758920379,1.0,0.6510067114093959
0.8658886391491877,1.0,0.6442953020134228
0.8685352169003245,1.0,0.6375838926174496
0.8693697626716246,1.0,0.6308724832214765
0.8706783345853859,1.0,0.6241610738255033
0.8726337924267149,1.0,0.6174496644295302
0.8785394790251604,1.0,0.610738255033557
0.8811550250275382,1.0,0.6040268456375839
0.8836057011631809,1.0,0.5973154362416108
0.8839793257841256,1.0,0.5906040268456376
0.8868992694273318,1.0,0.5838926174496645
0.8882786407767059,1.0,0.5771812080536913
0.8888022838844813,1.0,0.5704697986577181
0.8916368245540411,1.0,0.5637583892617449
0.894065892592902,1.0,0.5570469798657718
0.8953598393972773,1.0,0.5503355704697986
0.8959876467113193,1.0,0.5436241610738255
0.8974972957275178,1.0,0.5369127516778524
0.8979460038481801,1.0,0.5302013422818792
0.9012051064230573,1.0,0.5234899328859061
0.9055642798113762,1.0,0.5167785234899329
0.9067590963600083,1.0,0.5100671140939598
0.911754286261342,1.0,0.5033557046979866
0.9129990188727273,1.0,0.4966442953020134
0.9142013918358651,1.0,0.4899328859060403
0.9151766418431356,1.0,0.48322147651006714
0.9154630256037715,1.0,0.47651006711409394
0.9161691163088734,1.0,0.4697986577181208
0.9171867844612679,1.0,0.46308724832214765
0.9174903034561857,1.0,0.4563758389261745
0.9197175634431634,1.0,0.44966442953020136
0.9200126776866623,1.0,0.4429530201342282
0.9204544263022917,1.0,0.436241610738255
0.9214597604797641,1.0,0.42953020134228187
0.9215073932917548,1.0,0.4228187919463087
0.9235663321012658,1.0,0.40939597315436244
0.9238331512080972,1.0,0.40268456375838924
0.9238834891465149,1.0,0.3959731543624161
0.92418400167403,1.0,0.38926174496644295
0.9244401246229297,1.0,0.3825503355704698
0.9249501337494425,1.0,0.37583892617449666
0.9251401158658314,1.0,0.3691275167785235
0.9256329153129392,1.0,0.35570469798657717
0.9261857664624933,1.0,0.348993288590604
0.9275049940161127,1.0,0.3422818791946309
0.9284354169083053,1.0,0.33557046979865773
0.9285500165908555,1.0,0.3288590604026846
0.9294430108651941,1.0,0.3221476510067114
0.9305619086161131,1.0,0.31543624161073824
0.9323313385335775,1.0,0.3087248322147651
0.9379654505193425,1.0,0.30201342281879195
0.9399651314401124,1.0,0.2953020134228188
0.9404756230156219,1.0,0.28859060402684567
0.9416911489393524,1.0,0.2684563758389262
0.9467161778975351,1.0,0.26174496644295303
0.9474739614907467,1.0,0.2550335570469799
0.949558767664854,1.0,0.2483221476510067
0.9506419973870713,1.0,0.24161073825503357
0.9532600263123435,1.0,0.2348993288590604
0.9539435940523203,1.0,0.22818791946308725
0.954701906753662,1.0,0.2214765100671141
0.9564610822867646,1.0,0.21476510067114093
0.9567907340947163,1.0,0.2080536912751678
0.9580848427793512,1.0,0.20134228187919462
0.9592881311411624,1.0,0.19463087248322147
0.9600641085385846,1.0,0.18791946308724833
0.9654211422020809,1.0,0.18120805369127516
0.9655955436001762,1.0,0.174496644295302
0.9686696245217692,1.0,0.16778523489932887
0.9690448707092154,1.0,0.1610738255033557
0.9695678911918506,1.0,0.15436241610738255
0.9702974196106066,1.0,0.1476510067114094
0.971306030825708,1.0,0.14093959731543623
0.972670635242521,1.0,0.1342281879194631
0.9736809192532757,1.0,0.12751677852348994
0.9749140367600007,1.0,0.12080536912751678
0.9764371794173156,1.0,0.11409395973154363
0.9769060247295669,1.0,0.10738255033557047
0.9773749683219357,1.0,0.10067114093959731
0.9812759537139593,1.0,0.09395973154362416
0.9817158590112506,1.0,0.087248322147651
0.981874427255063,1.0,0.08053691275167785
0.9829133550320636,1.0,0.0738255033557047
0.9863286032086006,1.0,0.06711409395973154
0.987269874748147,1.0,0.06040268456375839
0.9903246351836792,1.0,0.053691275167785234
0.9906411475994379,1.0,0.04697986577181208
0.9909253555974828,1.0,0.040268456375838924
0.9916728859926839,1.0,0.03355704697986577
0.9916838049709378,1.0,0.026845637583892617
0.9927294991883278,1.0,0.020134228187919462
0.9972589374398283,1.0,0.013422818791946308
0.9987746132298909,1.0,0.006711409395973154
0.5,0.9319727891156463,0.9194630872483222
